201810230000,0%
201810230001,0%
201810230002,0%
201810230003,0%
201810230004,0%
201810230005,0%
201810230006,0%
201810230007,0%
201810230008,0%
201810230009,0%
201810230010,0%
201810230011,0%
201810230012,0%
201810230013,0%
201810230014,0%
201810230015,0%
201810230016,0%
201810230017,0%
201810230018,0%
201810230019,0%
201810230020,0%
201810230021,0%
201810230022,0%
201810230023,0%
201810230024,0%
201810230025,0%
201810230026,0%
201810230027,0%
201810230028,0%
201810230029,0%
201810230030,0%
201810230031,0%
201810230032,0%
201810230033,0%
201810230034,0%
201810230035,0%
201810230036,0%
201810230037,0%
201810230038,0%
201810230039,0%
201810230040,0%
201810230041,0%
201810230042,0%
201810230043,0%
201810230044,0%
201810230045,0%
201810230046,0%
201810230047,0%
201810230048,0%
201810230049,0%
201810230050,0%
201810230051,0%
201810230052,0%
201810230053,0%
201810230054,0%
201810230055,0%
201810230056,0%
201810230057,0%
201810230058,0%
201810230059,0%
201810230100,0%
201810230101,0%
201810230102,0%
201810230103,0%
201810230104,0%
201810230105,0%
201810230106,0%
201810230107,0%
201810230108,0%
201810230109,0%
201810230110,0%
201810230111,0%
201810230112,0%
201810230113,0%
201810230114,0%
201810230115,0%
201810230116,0%
201810230117,0%
201810230118,0%
201810230119,0%
201810230120,0%
201810230121,0%
201810230122,0%
201810230123,0%
201810230124,0%
201810230125,0%
201810230125,0%
201810230126,0%
201810230127,0%
201810230128,0%
201810230129,0%
201810230130,0%
201810230131,0%
201810230132,0%
201810230133,0%
201810230134,0%
201810230135,0%
201810230136,0%
201810230137,0%
201810230138,0%
201810230139,0%
201810230140,0%
201810230141,0%
201810230142,0%
201810230143,0%
201810230144,0%
201810230145,0%
201810230146,0%
201810230147,0%
201810230148,0%
201810230149,0%
201810230150,0%
201810230151,0%
201810230152,0%
201810230153,0%
201810230154,0%
201810230155,0%
201810230156,0%
201810230157,0%
201810230158,0%
201810230159,0%
201810230200,0%
201810230201,0%
201810230202,0%
201810230203,0%
201810230204,0%
201810230205,0%
201810230206,0%
201810230207,0%
201810230208,0%
201810230209,0%
201810230210,0%
201810230211,0%
201810230212,0%
201810230213,0%
201810230214,0%
201810230215,0%
201810230216,0%
201810230217,0%
201810230218,0%
201810230219,0%
201810230220,0%
201810230221,0%
201810230222,0%
201810230223,0%
201810230224,0%
201810230225,0%
201810230226,0%
201810230227,0%
201810230228,0%
201810230229,0%
201810230230,0%
201810230231,0%
201810230232,0%
201810230233,0%
201810230234,0%
201810230235,0%
201810230236,0%
201810230237,0%
201810230238,0%
201810230239,0%
201810230240,0%
201810230241,0%
201810230242,0%
201810230243,0%
201810230244,0%
201810230245,0%
201810230246,0%
201810230247,0%
201810230248,0%
201810230249,0%
201810230250,0%
201810230251,0%
201810230252,0%
201810230253,0%
201810230254,0%
201810230255,0%
201810230256,0%
201810230257,0%
201810230258,0%
201810230259,0%
201810230300,0%
201810230301,0%
201810230302,0%
201810230303,0%
201810230304,0%
201810230305,0%
201810230306,0%
201810230307,0%
201810230308,0%
201810230309,0%
201810230310,0%
201810230311,0%
201810230312,0%
201810230313,0%
201810230314,0%
201810230315,0%
201810230316,0%
201810230317,0%
201810230318,0%
201810230319,0%
201810230320,0%
201810230321,0%
201810230322,0%
201810230323,0%
201810230324,0%
201810230325,0%
201810230326,0%
201810230327,0%
201810230328,0%
201810230329,0%
201810230330,0%
201810230331,0%
201810230332,0%
201810230333,0%
201810230334,0%
201810230335,0%
201810230336,0%
201810230337,0%
201810230338,0%
201810230339,0%
201810230340,0%
201810230341,0%
201810230342,0%
201810230343,0%
201810230344,0%
201810230345,0%
201810230346,0%
201810230347,0%
201810230348,0%
201810230349,0%
201810230350,0%
201810230351,0%
201810230352,0%
201810230353,0%
201810230354,0%
201810230355,0%
201810230356,0%
201810230357,0%
201810230358,0%
201810230359,0%
201810230400,0%
201810230401,0%
201810230402,0%
201810230403,0%
201810230404,0%
201810230405,0%
201810230406,0%
201810230407,0%
201810230408,0%
201810230409,0%
201810230410,0%
201810230411,0%
201810230412,0%
201810230413,0%
201810230414,0%
201810230415,0%
201810230416,0%
201810230416,0%
201810230417,0%
201810230418,0%
201810230419,0%
201810230420,0%
201810230421,0%
201810230422,0%
201810230423,0%
201810230424,0%
201810230425,0%
201810230426,0%
201810230427,0%
201810230428,0%
201810230429,0%
201810230430,0%
201810230431,0%
201810230432,0%
201810230433,0%
201810230434,0%
201810230435,0%
201810230436,0%
201810230437,0%
201810230438,0%
201810230439,0%
201810230440,0%
201810230441,0%
201810230442,0%
201810230443,0%
201810230444,0%
201810230445,0%
201810230446,0%
201810230447,0%
201810230448,0%
201810230449,0%
201810230450,0%
201810230451,0%
201810230452,0%
201810230453,0%
201810230454,0%
201810230455,0%
201810230456,0%
201810230457,0%
201810230458,0%
201810230459,0%
201810230500,0%
201810230501,0%
201810230502,0%
201810230503,0%
201810230504,0%
201810230505,0%
201810230506,0%
201810230507,0%
201810230508,0%
201810230509,0%
201810230510,0%
201810230511,0%
201810230512,0%
201810230513,0%
201810230514,0%
201810230515,0%
201810230516,0%
201810230517,0%
201810230518,0%
201810230519,0%
201810230520,0%
201810230521,0%
201810230522,0%
201810230523,0%
201810230524,0%
201810230525,0%
201810230526,0%
201810230527,0%
201810230528,0%
201810230529,0%
201810230530,0%
201810230531,0%
201810230532,0%
201810230533,0%
201810230534,0%
201810230535,0%
201810230536,0%
201810230537,0%
201810230538,0%
201810230539,0%
201810230540,0%
201810230541,0%
201810230542,0%
201810230543,0%
201810230544,0%
201810230545,0%
201810230546,0%
201810230547,0%
201810230548,0%
201810230549,0%
201810230550,0%
201810230551,0%
201810230552,0%
201810230553,0%
201810230554,0%
201810230555,0%
201810230556,0%
201810230557,0%
201810230558,0%
201810230559,0%
201810230600,0%
201810230601,0%
201810230602,0%
201810230603,0%
201810230604,0%
201810230605,0%
201810230606,0%
201810230607,0%
201810230608,0%
201810230609,0%
201810230610,0%
201810230611,0%
201810230612,0%
201810230613,0%
201810230614,0%
201810230615,0%
201810230616,0%
201810230617,0%
201810230618,0%
201810230619,0%
201810230620,0%
201810230621,0%
201810230622,0%
201810230623,0%
201810230624,0%
201810230625,0%
201810230626,0%
201810230627,0%
201810230628,0%
201810230629,0%
201810230630,0%
201810230631,0%
201810230632,0%
201810230633,0%
201810230634,0%
201810230635,0%
201810230636,0%
201810230637,0%
201810230638,0%
201810230639,0%
201810230640,0%
201810230641,0%
201810230642,0%
201810230643,0%
201810230644,0%
201810230645,0%
201810230646,0%
201810230647,0%
201810230648,0%
201810230649,0%
201810230650,0%
201810230651,0%
201810230652,0%
201810230653,0%
201810230654,0%
201810230655,0%
201810230656,0%
201810230657,0%
201810230658,0%
201810230659,0%
201810230700,0%
201810230701,0%
201810230702,0%
201810230703,0%
201810230704,1%
201810230705,0%
201810230706,0%
201810230707,0%
201810230708,0%
201810230708,0%
201810230709,0%
201810230710,0%
201810230711,0%
201810230712,0%
201810230713,0%
201810230714,0%
201810230715,0%
201810230716,0%
201810230717,0%
201810230718,0%
201810230719,0%
201810230720,0%
201810230721,0%
201810230722,0%
201810230723,0%
201810230724,0%
201810230725,0%
201810230726,0%
201810230727,0%
201810230728,0%
201810230729,0%
201810230730,0%
201810230731,0%
201810230732,0%
201810230733,0%
201810230734,0%
201810230735,0%
201810230736,0%
201810230737,0%
201810230738,0%
201810230739,0%
201810230740,0%
201810230741,0%
201810230742,0%
201810230743,0%
201810230744,0%
201810230745,0%
201810230746,0%
201810230747,0%
201810230748,0%
201810230749,0%
201810230750,0%
201810230751,0%
201810230752,0%
201810230753,0%
201810230754,0%
201810230755,0%
201810230756,0%
201810230757,0%
201810230758,0%
201810230759,0%
201810230800,0%
201810230801,0%
201810230802,0%
201810230803,0%
201810230804,0%
201810230805,0%
201810230806,0%
201810230807,0%
201810230808,0%
201810230809,0%
201810230810,0%
201810230811,0%
201810230812,0%
201810230813,0%
201810230814,0%
201810230815,0%
201810230816,0%
201810230817,0%
201810230818,0%
201810230819,0%
201810230820,0%
201810230821,0%
201810230822,0%
201810230823,0%
201810230824,0%
201810230825,0%
201810230826,0%
201810230827,0%
201810230828,0%
201810230829,0%
201810230830,0%
201810230831,0%
201810230832,0%
201810230833,0%
201810230834,0%
201810230835,0%
201810230836,0%
201810230837,0%
201810230838,0%
201810230839,0%
201810230840,0%
201810230841,0%
201810230842,0%
201810230843,0%
201810230844,0%
201810230845,0%
201810230846,0%
201810230847,0%
201810230848,0%
201810230849,0%
201810230850,0%
201810230851,0%
201810230852,0%
201810230853,0%
201810230854,0%
201810230855,0%
201810230856,0%
201810230857,0%
201810230858,0%
201810230859,0%
201810230900,0%
201810230901,0%
201810230902,0%
201810230903,0%
201810230904,0%
201810230905,0%
201810230906,0%
201810230907,0%
201810230908,0%
201810230909,0%
201810230910,0%
201810230911,0%
201810230912,0%
201810230913,0%
201810230914,0%
201810230915,0%
201810230916,0%
201810230917,0%
201810230918,0%
201810230919,0%
201810230920,0%
201810230921,0%
201810230922,0%
201810230923,0%
201810230924,0%
201810230925,0%
201810230926,0%
201810230927,0%
201810230928,0%
201810230929,0%
201810230930,0%
201810230931,0%
201810230932,0%
201810230933,0%
201810230934,0%
201810230935,0%
201810230936,0%
201810230937,0%
201810230938,0%
201810230939,0%
201810230940,0%
201810230941,0%
201810230942,0%
201810230943,0%
201810230944,0%
201810230945,0%
201810230946,0%
201810230947,0%
201810230948,0%
201810230949,0%
201810230950,0%
201810230951,0%
201810230952,0%
201810230953,0%
201810230954,0%
201810230955,0%
201810230956,0%
201810230957,0%
201810230958,0%
201810230959,0%
201810231000,0%
201810231001,0%
201810231001,0%
201810231002,0%
201810231003,0%
201810231004,0%
201810231005,0%
201810231006,0%
201810231007,0%
201810231008,0%
201810231009,0%
201810231010,0%
201810231011,0%
201810231012,0%
201810231013,0%
201810231014,0%
201810231015,0%
201810231016,0%
201810231017,0%
201810231018,0%
201810231019,0%
201810231020,0%
201810231021,0%
201810231022,0%
201810231023,0%
201810231024,0%
201810231025,0%
201810231026,0%
201810231027,0%
201810231028,0%
201810231029,0%
201810231030,0%
201810231031,0%
201810231032,0%
201810231033,0%
201810231034,0%
201810231035,0%
201810231036,0%
201810231037,0%
201810231038,0%
201810231039,0%
201810231040,0%
201810231041,0%
201810231042,0%
201810231043,0%
201810231044,0%
201810231045,0%
201810231046,0%
201810231047,0%
201810231048,0%
201810231049,0%
201810231050,0%
201810231051,0%
201810231052,0%
201810231053,0%
201810231054,0%
201810231055,0%
201810231056,0%
201810231057,0%
201810231058,0%
201810231059,0%
201810231100,0%
201810231101,0%
201810231102,0%
201810231103,0%
201810231104,0%
201810231105,0%
201810231106,0%
201810231107,0%
201810231108,0%
201810231109,0%
201810231110,0%
201810231111,0%
201810231112,0%
201810231113,0%
201810231114,0%
201810231115,0%
201810231116,0%
201810231117,0%
201810231118,0%
201810231119,0%
201810231120,0%
201810231121,0%
201810231122,0%
201810231123,0%
201810231124,0%
201810231125,0%
201810231126,0%
201810231127,0%
201810231128,0%
201810231129,0%
201810231130,0%
201810231131,0%
201810231132,0%
201810231133,0%
201810231134,0%
201810231135,0%
201810231136,0%
201810231137,0%
201810231138,0%
201810231139,0%
201810231140,0%
201810231141,0%
201810231142,0%
201810231143,0%
201810231144,0%
201810231145,0%
201810231146,0%
201810231147,0%
201810231148,0%
201810231149,0%
201810231150,0%
201810231151,0%
201810231152,0%
201810231153,0%
201810231154,0%
201810231155,0%
201810231156,0%
201810231157,0%
201810231158,0%
201810231159,0%
201810231200,0%
201810231201,0%
201810231202,0%
201810231203,0%
201810231204,0%
201810231205,0%
201810231206,0%
201810231207,0%
201810231208,0%
201810231209,0%
201810231210,0%
201810231211,0%
201810231212,0%
201810231213,0%
201810231214,0%
201810231215,0%
201810231216,0%
201810231217,0%
201810231218,0%
201810231219,0%
201810231220,0%
201810231221,0%
201810231222,0%
201810231223,0%
201810231224,0%
201810231225,0%
201810231226,0%
201810231227,0%
201810231228,0%
201810231229,0%
201810231230,0%
201810231231,0%
201810231232,0%
201810231233,0%
201810231234,0%
201810231235,0%
201810231236,0%
201810231237,0%
201810231238,0%
201810231239,0%
201810231240,0%
201810231241,0%
201810231242,0%
201810231243,0%
201810231244,0%
201810231245,0%
201810231246,0%
201810231247,0%
201810231248,0%
201810231249,0%
201810231250,0%
201810231251,0%
201810231252,0%
201810231253,0%
201810231254,0%
201810231255,0%
201810231256,0%
201810231257,0%
201810231258,0%
201810231259,0%
201810231300,0%
201810231301,0%
201810231302,0%
201810231303,0%
201810231304,0%
201810231305,0%
201810231306,0%
201810231307,0%
201810231308,0%
201810231309,0%
201810231309,0%
201810231310,0%
201810231311,0%
201810231312,0%
201810231313,0%
201810231314,0%
201810231315,0%
201810231316,0%
201810231317,0%
201810231318,0%
201810231319,0%
201810231320,0%
201810231321,0%
201810231322,0%
201810231323,0%
201810231324,0%
201810231325,0%
201810231326,0%
201810231327,0%
201810231328,0%
201810231329,0%
201810231330,0%
201810231331,0%
201810231332,0%
201810231333,0%
201810231334,0%
201810231335,0%
201810231336,0%
201810231337,0%
201810231338,0%
201810231339,0%
201810231340,0%
201810231341,0%
201810231342,0%
201810231343,0%
201810231344,0%
201810231345,0%
201810231346,0%
201810231347,0%
201810231348,0%
201810231349,0%
201810231350,0%
201810231351,0%
201810231352,0%
201810231353,0%
201810231354,0%
201810231355,0%
201810231356,0%
201810231357,0%
201810231358,0%
201810231359,0%
201810231400,0%
201810231401,0%
201810231402,0%
201810231403,0%
201810231404,0%
201810231405,0%
201810231406,0%
201810231407,0%
201810231408,0%
201810231409,0%
201810231410,0%
201810231411,0%
201810231412,0%
201810231413,0%
201810231414,0%
201810231415,0%
201810231416,0%
201810231417,0%
201810231418,0%
201810231419,0%
201810231420,0%
201810231421,0%
201810231422,0%
201810231423,0%
201810231424,0%
201810231425,0%
201810231426,0%
201810231427,0%
201810231428,0%
201810231429,0%
201810231430,0%
201810231431,0%
201810231432,0%
201810231433,0%
201810231434,0%
201810231435,0%
201810231436,0%
201810231437,0%
201810231438,0%
201810231439,0%
201810231440,0%
201810231441,0%
201810231442,0%
201810231443,0%
201810231444,0%
201810231445,0%
201810231446,0%
201810231447,0%
201810231448,0%
201810231449,0%
201810231450,0%
201810231451,0%
201810231452,0%
201810231453,0%
201810231454,0%
201810231455,0%
201810231456,0%
201810231457,0%
201810231458,0%
201810231459,0%
201810231500,0%
201810231501,0%
201810231502,0%
201810231503,0%
201810231504,0%
201810231505,0%
201810231506,0%
201810231507,0%
201810231508,0%
201810231509,0%
201810231510,0%
201810231511,0%
201810231512,0%
201810231513,0%
201810231514,0%
201810231515,0%
201810231516,0%
201810231517,0%
201810231518,0%
201810231519,0%
201810231520,0%
201810231521,0%
201810231522,0%
201810231523,0%
201810231524,0%
201810231525,0%
201810231526,0%
201810231527,0%
201810231528,0%
201810231529,0%
201810231530,0%
201810231531,0%
201810231532,0%
201810231533,0%
201810231534,0%
201810231535,0%
201810231536,0%
201810231537,0%
201810231538,0%
201810231539,0%
201810231540,0%
201810231541,0%
201810231542,0%
201810231543,0%
201810231544,0%
201810231545,0%
201810231546,0%
201810231547,0%
201810231548,0%
201810231549,0%
201810231550,0%
201810231551,0%
201810231552,0%
201810231553,0%
201810231554,0%
201810231555,0%
201810231556,0%
201810231557,0%
201810231558,0%
201810231559,0%
201810231600,0%
201810231601,0%
201810231602,0%
201810231603,0%
201810231604,0%
201810231605,0%
201810231606,0%
201810231607,0%
201810231608,0%
201810231609,0%
201810231610,0%
201810231610,0%
201810231611,0%
201810231612,0%
201810231613,0%
201810231614,0%
201810231615,0%
201810231616,0%
201810231617,0%
201810231618,0%
201810231619,0%
201810231620,0%
201810231621,0%
201810231622,0%
201810231623,0%
201810231624,0%
201810231625,0%
201810231626,0%
201810231627,0%
201810231628,0%
201810231629,0%
201810231630,0%
201810231631,0%
201810231632,0%
201810231633,0%
201810231634,0%
201810231635,0%
201810231636,0%
201810231637,0%
201810231638,0%
201810231639,0%
201810231640,0%
201810231641,0%
201810231642,0%
201810231643,0%
201810231644,0%
201810231645,0%
201810231646,0%
201810231647,0%
201810231648,0%
201810231649,0%
201810231650,0%
201810231651,0%
201810231652,0%
201810231653,0%
201810231654,0%
201810231655,0%
201810231656,0%
201810231657,0%
201810231658,0%
201810231659,0%
201810231700,0%
201810231701,0%
201810231702,0%
201810231703,0%
201810231704,0%
201810231705,0%
201810231706,0%
201810231707,0%
201810231708,0%
201810231709,0%
201810231710,0%
201810231711,0%
201810231712,0%
201810231713,0%
201810231714,0%
201810231715,0%
201810231716,0%
201810231717,0%
201810231718,0%
201810231719,0%
201810231720,0%
201810231721,0%
201810231722,0%
201810231723,0%
201810231724,0%
201810231725,0%
201810231726,0%
201810231727,0%
201810231728,0%
201810231729,0%
201810231730,0%
201810231731,0%
201810231732,0%
201810231733,0%
201810231734,0%
201810231735,0%
201810231736,0%
201810231737,0%
201810231738,0%
201810231739,0%
201810231740,0%
201810231741,0%
201810231742,0%
201810231743,0%
201810231744,0%
201810231745,0%
201810231746,0%
201810231747,0%
201810231748,0%
201810231749,0%
201810231750,0%
201810231751,0%
201810231752,0%
201810231753,0%
201810231754,0%
201810231755,0%
201810231756,0%
201810231757,0%
201810231758,0%
201810231759,0%
201810231800,0%
201810231801,0%
201810231802,0%
201810231803,0%
201810231804,0%
201810231805,0%
201810231806,0%
201810231807,0%
201810231808,0%
201810231809,0%
201810231810,0%
201810231811,0%
201810231812,0%
201810231813,0%
201810231814,0%
201810231815,0%
201810231816,0%
201810231817,0%
201810231818,0%
201810231819,0%
201810231820,0%
201810231821,0%
201810231822,0%
201810231823,0%
201810231824,0%
201810231825,0%
201810231826,0%
201810231827,0%
201810231828,0%
201810231829,0%
201810231830,0%
201810231831,0%
201810231832,0%
201810231833,0%
201810231834,0%
201810231835,0%
201810231836,0%
201810231837,0%
201810231838,0%
201810231839,0%
201810231840,0%
201810231841,0%
201810231842,0%
201810231843,0%
201810231844,0%
201810231845,0%
201810231846,0%
201810231847,0%
201810231848,0%
201810231849,0%
201810231850,0%
201810231851,0%
201810231852,0%
201810231853,0%
201810231854,0%
201810231855,0%
201810231856,0%
201810231857,0%
201810231858,0%
201810231859,0%
201810231900,0%
201810231901,0%
201810231902,0%
201810231903,0%
201810231904,0%
201810231905,0%
201810231906,0%
201810231907,0%
201810231908,0%
201810231909,0%
201810231910,0%
201810231911,0%
201810231912,0%
201810231913,0%
201810231914,0%
201810231915,0%
201810231915,0%
201810231916,0%
201810231917,0%
201810231918,0%
201810231919,0%
201810231920,0%
201810231921,0%
201810231922,0%
201810231923,0%
201810231924,0%
201810231925,0%
201810231926,0%
201810231927,0%
201810231928,0%
201810231929,0%
201810231930,0%
201810231931,0%
201810231932,0%
201810231933,0%
201810231934,0%
201810231935,0%
201810231936,0%
201810231937,0%
201810231938,0%
201810231939,0%
201810231940,0%
201810231941,0%
201810231942,0%
201810231943,0%
201810231944,0%
201810231945,0%
201810231946,0%
201810231947,0%
201810231948,0%
201810231949,0%
201810231950,0%
201810231951,0%
201810231952,0%
201810231953,0%
201810231954,0%
201810231955,0%
201810231956,0%
201810231957,0%
201810231958,0%
201810231959,0%
201810232000,0%
201810232001,0%
201810232002,0%
201810232003,0%
201810232004,0%
201810232005,0%
201810232006,0%
201810232007,0%
201810232008,0%
201810232009,0%
201810232010,0%
201810232011,0%
201810232012,0%
201810232013,0%
201810232014,0%
201810232015,0%
201810232016,0%
201810232017,0%
201810232018,0%
201810232019,0%
201810232020,0%
201810232021,0%
201810232022,0%
201810232023,0%
201810232024,0%
201810232025,0%
201810232026,0%
201810232027,0%
201810232028,0%
201810232029,0%
201810232030,0%
201810232031,0%
201810232032,0%
201810232033,0%
201810232034,0%
201810232035,0%
201810232036,0%
201810232037,0%
201810232038,0%
201810232039,0%
201810232040,0%
201810232041,0%
201810232042,0%
201810232043,0%
201810232044,0%
201810232045,0%
201810232046,0%
201810232047,1%
201810232048,0%
201810232049,0%
201810232050,0%
201810232051,0%
201810232052,0%
201810232053,0%
201810232054,0%
201810232055,0%
201810232056,0%
201810232057,0%
201810232058,0%
201810232059,0%
201810232100,0%
201810232101,0%
201810232102,0%
201810232103,0%
201810232104,0%
201810232105,0%
201810232106,0%
201810232107,0%
201810232108,0%
201810232109,0%
201810232110,0%
201810232111,0%
201810232112,0%
201810232113,0%
201810232114,0%
201810232115,0%
201810232116,0%
201810232117,0%
201810232118,0%
201810232119,0%
201810232120,0%
201810232121,1%
201810232122,0%
201810232123,0%
201810232124,0%
201810232125,0%
201810232126,0%
201810232127,0%
201810232128,0%
201810232129,0%
201810232130,0%
201810232131,0%
201810232132,0%
201810232133,0%
201810232134,0%
201810232135,0%
201810232136,0%
201810232137,0%
201810232138,0%
201810232139,0%
201810232140,0%
201810232141,0%
201810232142,0%
201810232143,0%
201810232144,0%
201810232145,0%
201810232146,0%
201810232147,0%
201810232148,0%
201810232149,0%
201810232150,0%
201810232151,0%
201810232152,0%
201810232153,0%
201810232154,0%
201810232155,0%
201810232156,0%
201810232157,0%
201810232158,0%
201810232159,0%
201810232200,0%
201810232201,0%
201810232202,0%
201810232203,0%
201810232204,0%
201810232205,0%
201810232206,0%
201810232206,0%
201810232207,0%
201810232208,0%
201810232209,0%
201810232210,0%
201810232211,0%
201810232212,0%
201810232213,0%
201810232214,0%
201810232215,0%
201810232216,0%
201810232217,0%
201810232218,0%
201810232219,0%
201810232220,0%
201810232221,0%
201810232222,0%
201810232223,0%
201810232224,0%
201810232225,0%
201810232226,0%
201810232227,0%
201810232228,0%
201810232229,0%
201810232230,0%
201810232231,0%
201810232232,0%
201810232233,0%
201810232234,0%
201810232235,0%
201810232236,0%
201810232237,0%
201810232238,0%
201810232239,0%
201810232240,0%
201810232241,0%
201810232242,0%
201810232243,0%
201810232244,0%
201810232245,0%
201810232246,0%
201810232247,0%
201810232248,0%
201810232249,0%
201810232250,0%
201810232251,0%
201810232252,0%
201810232253,0%
201810232254,0%
201810232255,0%
201810232256,0%
201810232257,0%
201810232258,0%
201810232259,0%
201810232300,0%
201810232301,0%
201810232302,0%
201810232303,0%
201810232304,0%
201810232305,0%
201810232306,0%
201810232307,0%
201810232308,0%
201810232309,0%
201810232310,0%
201810232311,0%
201810232312,0%
201810232313,0%
201810232314,0%
201810232315,0%
201810232316,0%
201810232317,0%
201810232318,0%
201810232319,0%
201810232320,0%
201810232321,0%
201810232322,0%
201810232323,0%
201810232324,0%
201810232325,0%
201810232326,0%
201810232327,0%
201810232328,0%
201810232329,0%
201810232330,0%
201810232331,0%
201810232332,0%
201810232333,0%
201810232334,0%
201810232335,0%
201810232336,0%
201810232337,0%
201810232338,0%
201810232339,0%
201810232340,0%
201810232341,0%
201810232342,0%
201810232343,0%
201810232344,0%
201810232345,0%
201810232346,0%
201810232347,0%
201810232348,0%
201810232349,0%
201810232350,0%
201810232351,0%
201810232352,0%
201810232353,0%
201810232354,0%
201810232355,0%
201810232356,0%
201810232357,0%
201810232358,0%
201810232359,0%
